Case_ID,Product,Folder,Language,Ground_Truth,GT_Support_Status,Strongest_Mechanism,Multiple_Defects_Coexist,Match_Rate_Pct,Mis_Col_Anchor_Break_px,Mis_Residual_Disp_px,Mis_Col_dx_Std,Mis_Direction_Coherence,Mis_Has_Evidence,Ov_Max_Intersection_Area_px2,Ov_Total_Intersection_Area_px2,Ov_Horizontal_Intrusion_px,Ov_Vertical_Intrusion_px,Ov_Gap_Collapse_px,Ov_Has_Evidence,Tr_Verified_Ellipsis_Count,Tr_Max_Overflow_px,Tr_Clipping_Elements_Count,Tr_Container_Accommodated,Tr_Has_Evidence,Un_Genuine_Untrans_Strings,Un_Latin_Words_Preserved,Un_English_Chars_Preserved,Un_Tech_Brand_Tokens,Un_Has_Evidence,HK_Conflict_Count,HK_Has_Evidence
9,Civil3d,Civil3d-01,RUS,Misalignment,DIRECTLY_SUPPORTED,STRUCTURAL_COLUMN_DRIFT,True,100.0,486.0,393.53,189.79,0.113,True,1600,1600,100,16,288,True,0,396,7,0,True,1,2,12,0,True,0,False
10,Civil3d,Civil3d-12,FRA,Misalignment,DIRECTLY_SUPPORTED,STRUCTURAL_COLUMN_DRIFT,True,100.0,97.0,103.0,51.0,0.038,True,0,0,0,0,105,False,1,0,0,3,True,10,18,158,1,True,0,False
11,Civil3d,Civil3d-13,ESP,Misalignment,UNSUPPORTED,TEXT_TRUNCATION_CLIPPING,True,100.0,0.0,2.24,0.43,0.2,False,0,0,0,0,131,False,0,120,2,0,True,5,10,55,0,True,0,False
12,Civil3d,Civil3d-14,CHT,Misalignment,PARTIALLY_SUPPORTED,BOUNDARY_COLLISION_OVERLAP,True,100.0,187.0,93.61,93.5,0.254,False,14465,28738,263,55,200,True,1,0,0,0,True,2,6,41,2,True,0,False
13,Civil3d,Civil3d-16,KOR,Misalignment,DIRECTLY_SUPPORTED,STRUCTURAL_COLUMN_DRIFT,True,93.2,95.0,92.0,41.2,0.008,True,3791,8311,223,19,140,True,0,0,0,0,False,2,2,16,0,True,0,False
14,Civil3d,Civil3d-23,FRA,Misalignment,DIRECTLY_SUPPORTED,STRUCTURAL_COLUMN_DRIFT,True,96.8,165.0,165.01,77.78,0.183,True,540,1664,90,14,144,True,7,0,0,0,True,8,10,180,7,True,0,False
15,Inventor,Inventor-01,JPN,Misalignment,DIRECTLY_SUPPORTED,STRUCTURAL_COLUMN_DRIFT,True,100.0,260.0,260.85,134.5,0.234,True,1957,5135,103,19,227,True,2,0,0,0,True,0,0,0,0,False,0,False
16,Inventor,Inventor-12,FRA,Misalignment,DIRECTLY_SUPPORTED,STRUCTURAL_COLUMN_DRIFT,True,97.8,44.0,129.81,129.5,0.266,True,1888,5392,118,16,256,True,2,0,0,6,True,8,11,144,0,True,0,False
17,Inventor,Inventor-17,CSY,Misalignment,DIRECTLY_SUPPORTED,STRUCTURAL_COLUMN_DRIFT,True,100.0,97.0,132.85,48.53,0.036,True,2550,3350,102,25,80,True,4,0,0,1,True,0,0,0,1,False,0,False
18,Inventor,Inventor-25,ESP,Misalignment,DIRECTLY_SUPPORTED,STRUCTURAL_COLUMN_DRIFT,True,100.0,60.0,117.1,32.0,0.641,True,2895,5335,193,15,142,True,9,0,0,0,True,9,10,136,2,True,0,False
19,Inventor,Inventor-27,JPN,Misalignment,PARTIALLY_SUPPORTED,BOUNDARY_COLLISION_OVERLAP,True,100.0,8.0,16.28,8.0,0.067,False,972,2754,54,18,80,True,1,0,0,0,True,1,3,18,2,True,0,False
20,Inventor,Inventor-31,DEU,Misalignment,DIRECTLY_SUPPORTED,STRUCTURAL_COLUMN_DRIFT,True,100.0,115.0,60.5,60.5,-0.037,True,868,1056,64,14,140,True,0,0,0,0,False,2,2,30,0,True,0,False
21,Inventor,Inventor-37,RUS,Misalignment,DIRECTLY_SUPPORTED,STRUCTURAL_COLUMN_DRIFT,False,93.3,184.0,184.01,58.16,0.374,True,0,0,0,0,130,False,0,0,0,0,False,0,0,0,1,False,0,False
22,Vault,Vault-28,HUN,Misalignment,PARTIALLY_SUPPORTED,BOUNDARY_COLLISION_OVERLAP,True,100.0,62.0,220.0,220.0,-0.546,False,14,14,1,14,128,True,5,0,0,0,True,1,1,16,1,False,0,False
23,Vault,Vault-32,PLK,Misalignment,PARTIALLY_SUPPORTED,UNTRANSLATED_USER_FACING_TEXT,False,100.0,49.0,49.37,23.1,0.434,False,0,0,0,0,56,False,0,0,0,0,False,1,5,47,0,True,0,False
24,Vault,Vault-35,ESP,Misalignment,PARTIALLY_SUPPORTED,TEXT_TRUNCATION_CLIPPING,False,100.0,64.0,118.0,42.75,-0.334,False,0,0,0,0,76,False,1,0,0,0,True,0,0,0,0,False,0,False
25,Vault,Vault-36,CHT,Misalignment,UNSUPPORTED,BOUNDARY_COLLISION_OVERLAP,True,100.0,0.0,3.0,0.0,0.268,False,672,1284,42,18,167,True,1,0,0,0,True,0,0,0,0,False,0,False
26,Vault,Vault-37,CSY,Misalignment,PARTIALLY_SUPPORTED,BOUNDARY_COLLISION_OVERLAP,True,100.0,18.0,25.5,25.5,-0.218,False,42,42,3,14,138,True,1,0,0,0,True,0,0,0,0,False,0,False
27,Vault,Vault-40,HUN,Misalignment,DIRECTLY_SUPPORTED,STRUCTURAL_COLUMN_DRIFT,True,100.0,227.0,208.02,93.82,0.129,True,128,147,64,19,76,True,1,0,0,0,True,2,2,121,0,True,0,False
29,Civil3d,Civil3d-06,RUS,Overlapping,DIRECTLY_SUPPORTED,GEOMETRIC_BOUNDARY_COLLISION,True,96.2,464.0,438.26,160.57,0.013,True,1908,15573,465,23,246,True,0,0,0,0,False,0,0,0,0,False,0,False
30,Civil3d,Civil3d-18,CSY,Overlapping,PARTIALLY_SUPPORTED,NO_STRONG_OBSERVABLE_DEFECT,False,91.3,0.0,44.68,44.5,0.364,False,0,0,0,0,103,False,0,0,0,0,False,1,1,4,0,False,0,False
31,Civil3d,Civil3d-28,PTB,Overlapping,PARTIALLY_SUPPORTED,STRUCTURAL_MISALIGNMENT,True,100.0,84.0,88.01,32.58,0.259,True,0,0,0,0,92,False,1,0,0,0,True,3,9,73,0,True,0,False
32,Civil3d,Civil3d-29,FRA,Overlapping,DIRECTLY_SUPPORTED,GEOMETRIC_BOUNDARY_COLLISION,True,93.0,52.0,52.04,43.0,0.132,False,1898,3784,146,13,136,True,0,0,0,0,False,3,3,73,2,True,0,False
33,Civil3d,Civil3d-30,CHT,Overlapping,DIRECTLY_SUPPORTED,GEOMETRIC_BOUNDARY_COLLISION,True,100.0,233.0,232.36,91.38,0.208,True,1404,5252,78,18,225,True,0,0,0,0,False,0,0,0,0,False,0,False
34,Inventor,Inventor-07,PTB,Overlapping,DIRECTLY_SUPPORTED,GEOMETRIC_BOUNDARY_COLLISION,True,100.0,1.0,2.0,0.5,1.0,False,1036,1624,74,21,199,True,0,0,0,0,False,3,3,18,0,True,0,False
35,Inventor,Inventor-08,JPN,Overlapping,DIRECTLY_SUPPORTED,GEOMETRIC_BOUNDARY_COLLISION,True,100.0,307.0,309.07,134.25,0.082,True,1957,6570,103,19,201,True,1,0,0,2,True,0,0,0,1,False,0,False
36,Inventor,Inventor-33,ITA,Overlapping,PARTIALLY_SUPPORTED,TEXT_TRUNCATION_CLIPPING,True,97.6,2.0,2.83,1.0,1.0,False,0,0,0,0,96,False,1,0,0,10,True,3,3,37,2,True,0,False
37,Inventor,Inventor-34,KOR,Overlapping,DIRECTLY_SUPPORTED,GEOMETRIC_BOUNDARY_COLLISION,True,95.3,2.0,138.29,65.05,0.096,False,416,780,26,16,138,True,9,0,0,0,True,12,12,36,30,True,0,False
38,Inventor,Inventor-39,ESP,Overlapping,DIRECTLY_SUPPORTED,GEOMETRIC_BOUNDARY_COLLISION,True,99.1,142.0,142.0,44.71,-0.001,True,54918,92910,339,162,204,True,0,0,0,0,False,0,0,0,1,False,0,False
39,Vault,Vault-04,HUN,Overlapping,DIRECTLY_SUPPORTED,GEOMETRIC_BOUNDARY_COLLISION,False,97.1,138.0,205.3,44.86,0.549,False,18538,21651,66,299,138,True,0,0,0,0,False,0,0,0,5,False,0,False
40,Vault,Vault-05,ITA,Overlapping,UNSUPPORTED,NO_STRONG_OBSERVABLE_DEFECT,False,87.5,0.0,0.0,0.0,1.0,False,0,0,0,0,2,False,0,0,0,1,False,0,0,0,0,False,0,False
41,Vault,Vault-06,JPN,Overlapping,UNSUPPORTED,TEXT_TRUNCATION_CLIPPING,False,100.0,0.0,32.64,1.66,0.199,False,0,0,0,0,8,False,1,0,0,0,True,0,0,0,0,False,0,False
42,Vault,Vault-12,CHT,Overlapping,DIRECTLY_SUPPORTED,GEOMETRIC_BOUNDARY_COLLISION,True,97.8,59.0,126.02,30.5,0.231,True,11106,11881,617,18,228,True,3,0,0,5,True,1,3,19,1,True,1,False
43,Vault,Vault-14,FRA,Overlapping,DIRECTLY_SUPPORTED,GEOMETRIC_BOUNDARY_COLLISION,True,100.0,72.0,71.5,31.04,0.2,True,595,1703,127,17,128,True,1,0,0,10,True,9,16,213,0,True,0,False
44,Vault,Vault-18,JPN,Overlapping,DIRECTLY_SUPPORTED,GEOMETRIC_BOUNDARY_COLLISION,True,100.0,34.0,21.84,21.0,0.359,False,1242,1242,69,18,73,True,0,0,0,0,False,1,4,38,0,True,0,False
45,Vault,Vault-31,KOR,Overlapping,DIRECTLY_SUPPORTED,GEOMETRIC_BOUNDARY_COLLISION,False,100.0,0.0,23.77,23.0,0.246,False,1242,1242,69,18,73,True,0,0,0,0,False,1,1,38,0,False,0,False
46,Vault,Vault-33,PTB,Overlapping,DIRECTLY_SUPPORTED,GEOMETRIC_BOUNDARY_COLLISION,True,94.8,348.0,348.37,101.02,0.17,True,527,2092,32,17,178,True,1,0,0,0,True,14,15,309,0,True,0,False
47,Vault,Vault-34,CHS,Overlapping,DIRECTLY_SUPPORTED,GEOMETRIC_BOUNDARY_COLLISION,False,96.2,56.0,56.01,19.49,0.201,False,1460,1460,73,20,82,True,0,0,0,0,False,0,0,0,4,False,0,False
51,Civil3d,Civil3d-22,FRA,Repeated hotkey,VISUALLY_UNSUPPORTED,VISUALLY_UNSUPPORTED_MNEMONIC,True,98.9,164.0,136.01,55.0,0.205,True,4035,5473,269,20,301,True,2,744,68,0,True,10,12,163,2,True,0,False
52,Inventor,Inventor-02,ITA,Repeated hotkey,VISUALLY_UNSUPPORTED,VISUALLY_UNSUPPORTED_MNEMONIC,True,99.3,22.0,90.71,45.0,-0.067,False,504,565,61,14,116,True,4,0,0,0,True,33,43,267,10,True,0,False
53,Inventor,Inventor-28,JPN,Repeated hotkey,VISUALLY_UNSUPPORTED,VISUALLY_UNSUPPORTED_MNEMONIC,False,100.0,69.0,38.0,34.5,0.123,False,0,0,0,0,99,False,0,377,4,0,True,0,0,0,0,False,0,False
54,Inventor,Inventor-29,CSY,Repeated hotkey,VISUALLY_UNSUPPORTED,VISUALLY_UNSUPPORTED_MNEMONIC,True,94.7,20.0,60.07,8.81,0.05,False,2431,6595,143,17,201,True,2,0,0,0,True,0,0,0,0,False,0,False
55,Inventor,Inventor-30,FRA,Repeated hotkey,VISUALLY_UNSUPPORTED,VISUALLY_UNSUPPORTED_MNEMONIC,True,97.8,30.0,70.01,65.0,0.307,False,0,0,0,0,126,False,5,0,0,0,True,15,16,143,6,True,0,False
56,Inventor,Inventor-36,PTB,Repeated hotkey,VISUALLY_UNSUPPORTED,VISUALLY_UNSUPPORTED_MNEMONIC,True,98.5,40.0,162.09,37.0,0.059,False,532,532,38,14,158,True,2,0,0,0,True,7,7,75,10,True,0,False
57,Vault,Vault-09,PTB,Repeated hotkey,VISUALLY_UNSUPPORTED,VISUALLY_UNSUPPORTED_MNEMONIC,True,100.0,28.0,57.22,22.17,0.142,False,90,90,5,18,82,True,1,0,0,0,True,5,16,171,0,True,0,False
59,Civil3d,Civil3d-04,PLK,Truncation,DIRECTLY_SUPPORTED,TEXT_CONTAINER_CLIPPING,True,100.0,2.0,18.03,18.0,-0.3,False,0,0,0,0,68,False,1,0,0,0,True,4,5,40,4,True,0,False
60,Civil3d,Civil3d-05,DEU,Truncation,DIRECTLY_SUPPORTED,TEXT_CONTAINER_CLIPPING,True,97.3,268.0,268.27,61.44,0.565,True,1560,9329,110,48,151,True,4,0,0,0,True,1,5,44,0,True,0,False
61,Civil3d,Civil3d-10,PTB,Truncation,DIRECTLY_SUPPORTED,TEXT_CONTAINER_CLIPPING,True,100.0,2.0,17.03,17.0,0.666,False,0,0,0,0,82,False,1,0,0,0,True,5,6,60,5,True,0,False
62,Civil3d,Civil3d-17,HUN,Truncation,DIRECTLY_SUPPORTED,TEXT_CONTAINER_CLIPPING,True,83.3,10.0,23.88,22.5,0.027,False,1494,1494,83,18,191,True,1,0,0,0,True,5,5,171,0,True,0,False
63,Civil3d,Civil3d-19,ESP,Truncation,DIRECTLY_SUPPORTED,TEXT_CONTAINER_CLIPPING,True,90.5,97.0,48.5,48.5,-0.189,True,0,0,0,0,76,False,2,0,0,2,True,0,0,0,0,False,0,False
64,Civil3d,Civil3d-20,PTB,Truncation,PARTIALLY_SUPPORTED,NO_STRONG_OBSERVABLE_DEFECT,False,100.0,2.0,12.04,12.0,0.002,False,0,0,0,0,158,False,0,0,0,0,False,0,0,0,2,False,0,False
65,Civil3d,Civil3d-21,ITA,Truncation,UNSUPPORTED,NO_STRONG_OBSERVABLE_DEFECT,False,100.0,2.0,2.0,0.75,1.0,False,0,0,0,0,20,False,0,0,0,0,False,0,0,0,11,False,0,False
66,Civil3d,Civil3d-26,ITA,Truncation,PARTIALLY_SUPPORTED,UNTRANSLATED_USER_FACING_TEXT,False,100.0,0.0,3.5,3.5,0.75,False,0,0,0,0,14,False,0,0,0,0,False,1,2,16,0,True,0,False
67,Civil3d,Civil3d-32,HUN,Truncation,DIRECTLY_SUPPORTED,TEXT_CONTAINER_CLIPPING,True,99.0,4.0,4.0,1.15,1.0,False,0,0,0,0,94,False,1,0,0,0,True,5,14,78,1,True,0,False
68,Inventor,Inventor-03,CHS,Truncation,DIRECTLY_SUPPORTED,TEXT_CONTAINER_CLIPPING,True,97.0,152.0,150.0,60.01,-0.182,False,1900,1976,100,19,197,True,1,0,0,0,True,0,0,0,5,False,0,False
69,Inventor,Inventor-05,PLK,Truncation,PARTIALLY_SUPPORTED,UNTRANSLATED_USER_FACING_TEXT,False,100.0,1.0,13.04,0.47,1.0,False,0,0,0,0,71,False,0,0,0,0,False,3,3,19,0,True,0,False
70,Inventor,Inventor-18,FRA,Truncation,DIRECTLY_SUPPORTED,TEXT_CONTAINER_CLIPPING,True,100.0,1.0,2.0,0.43,0.0,False,0,0,0,0,95,False,1,0,0,0,True,2,2,20,0,True,0,False
71,Inventor,Inventor-19,CSY,Truncation,DIRECTLY_SUPPORTED,TEXT_CONTAINER_CLIPPING,True,100.0,122.0,146.29,41.2,0.263,True,1540,8356,120,20,136,True,5,0,0,5,True,0,0,0,0,False,0,False
72,Inventor,Inventor-21,CSY,Truncation,DIRECTLY_SUPPORTED,TEXT_CONTAINER_CLIPPING,True,100.0,62.0,65.5,53.0,0.136,False,912,912,48,19,179,True,2,0,0,29,True,4,4,65,4,True,0,False
73,Inventor,Inventor-32,DEU,Truncation,DIRECTLY_SUPPORTED,TEXT_CONTAINER_CLIPPING,False,100.0,0.0,0.0,0.0,0.0,False,0,0,0,0,0,False,0,100,2,0,True,1,1,6,0,False,0,False
74,Inventor,Inventor-35,PLK,Truncation,DIRECTLY_SUPPORTED,TEXT_CONTAINER_CLIPPING,True,98.6,2.0,25.0,25.0,0.2,False,0,0,0,0,50,False,3,0,0,0,True,47,62,461,0,True,0,False
75,Vault,Vault-01,CSY,Truncation,PARTIALLY_SUPPORTED,NO_STRONG_OBSERVABLE_DEFECT,False,100.0,1.0,1.41,0.4,0.502,False,0,0,0,0,15,False,0,0,0,0,False,0,0,0,0,False,0,False
76,Vault,Vault-02,FRA,Truncation,DIRECTLY_SUPPORTED,TEXT_CONTAINER_CLIPPING,True,100.0,86.0,92.09,46.0,-0.04,True,700,3362,64,14,116,True,7,0,0,0,True,2,2,26,0,True,0,False
77,Vault,Vault-03,DEU,Truncation,PARTIALLY_SUPPORTED,BOUNDARY_COLLISION_OVERLAP,True,95.5,0.0,105.04,42.0,-0.11,False,30,30,2,15,104,True,0,0,0,0,False,4,5,43,0,True,0,False
78,Vault,Vault-08,PLK,Truncation,PARTIALLY_SUPPORTED,UNTRANSLATED_USER_FACING_TEXT,False,97.2,2.0,82.3,38.0,-0.214,False,0,0,0,0,34,False,0,0,0,0,False,8,8,106,1,True,0,False
79,Vault,Vault-11,ESP,Truncation,DIRECTLY_SUPPORTED,TEXT_CONTAINER_CLIPPING,True,100.0,57.0,94.02,52.5,0.305,True,4928,8665,224,22,91,True,2,0,0,13,True,6,9,158,1,True,0,False
80,Vault,Vault-17,ITA,Truncation,PARTIALLY_SUPPORTED,STRUCTURAL_MISALIGNMENT,True,100.0,64.0,64.0,50.0,0.578,True,574,766,96,14,165,True,0,0,0,14,False,2,2,20,0,True,0,False
81,Vault,Vault-20,PLK,Truncation,DIRECTLY_SUPPORTED,TEXT_CONTAINER_CLIPPING,True,100.0,2.0,126.0,126.0,0.144,False,1008,1280,136,14,172,True,1,450,10,0,True,2,2,20,0,True,0,False
82,Vault,Vault-21,PTB,Truncation,DIRECTLY_SUPPORTED,TEXT_CONTAINER_CLIPPING,True,100.0,41.0,47.73,44.0,0.554,True,560,880,160,14,133,True,1,460,10,0,True,4,4,60,0,True,0,False
83,Vault,Vault-23,ESP,Truncation,PARTIALLY_SUPPORTED,BOUNDARY_COLLISION_OVERLAP,True,100.0,0.0,3.0,0.0,1.0,False,644,644,46,14,148,True,0,0,0,0,False,1,4,48,0,True,0,False
84,Vault,Vault-24,CHT,Truncation,DIRECTLY_SUPPORTED,TEXT_CONTAINER_CLIPPING,True,100.0,82.0,277.72,235.0,0.459,True,122757,213436,493,249,259,True,1,0,0,4,True,0,0,0,0,False,0,False
85,Vault,Vault-26,FRA,Truncation,DIRECTLY_SUPPORTED,TEXT_CONTAINER_CLIPPING,True,100.0,50.0,49.01,28.0,0.832,True,96,108,48,2,48,True,1,0,0,4,True,15,22,328,0,True,0,False
86,Vault,Vault-27,DEU,Truncation,DIRECTLY_SUPPORTED,TEXT_CONTAINER_CLIPPING,True,100.0,1.0,2.0,0.33,1.0,False,138,224,138,1,0,True,1,0,0,0,True,0,0,0,0,False,0,False
87,Vault,Vault-29,ITA,Truncation,PARTIALLY_SUPPORTED,UNTRANSLATED_USER_FACING_TEXT,False,100.0,0.0,4.0,0.0,1.0,False,0,0,0,0,88,False,0,0,0,0,False,1,5,47,0,True,0,False
88,Vault,Vault-39,DEU,Truncation,PARTIALLY_SUPPORTED,STRUCTURAL_MISALIGNMENT,True,100.0,69.0,34.5,34.5,0.333,True,3560,3560,178,20,185,True,0,0,0,0,False,1,1,49,0,False,0,False
89,Civil3d,Civil3d-02,CHS,Untranslation,DIRECTLY_SUPPORTED,PRESERVED_USER_FACING_ENGLISH,True,100.0,2.0,149.0,2.0,0.257,False,800,2840,50,16,1,True,0,0,0,0,False,5,5,25,1,True,0,False
90,Civil3d,Civil3d-07,JPN,Untranslation,DIRECTLY_SUPPORTED,PRESERVED_USER_FACING_ENGLISH,False,94.1,13.0,64.0,31.0,0.131,False,0,0,0,0,3,False,0,0,0,1,False,1,2,18,0,True,0,False
91,Civil3d,Civil3d-08,DEU,Untranslation,DIRECTLY_SUPPORTED,PRESERVED_USER_FACING_ENGLISH,False,100.0,45.0,57.43,26.54,0.254,False,0,0,0,0,124,False,0,0,0,0,False,20,52,340,0,True,0,False
92,Civil3d,Civil3d-11,ITA,Untranslation,DIRECTLY_SUPPORTED,PRESERVED_USER_FACING_ENGLISH,True,98.4,2.0,161.82,73.78,0.494,False,3852,9022,214,18,143,True,0,0,0,0,False,5,10,53,2,True,0,False
93,Civil3d,Civil3d-24,KOR,Untranslation,UNSUPPORTED,BOUNDARY_COLLISION_OVERLAP,False,84.6,0.0,1.12,1.0,-0.28,False,738,1422,41,18,106,True,0,0,0,0,False,0,0,0,0,False,0,False
94,Civil3d,Civil3d-25,JPN,Untranslation,DIRECTLY_SUPPORTED,PRESERVED_USER_FACING_ENGLISH,True,100.0,54.0,96.08,45.25,-0.159,True,756,2245,369,14,2,True,2,264,1,0,True,11,21,137,0,True,0,False
95,Civil3d,Civil3d-31,CHT,Untranslation,DIRECTLY_SUPPORTED,PRESERVED_USER_FACING_ENGLISH,True,100.0,1.0,10.2,0.5,0.519,False,0,0,0,0,16,False,3,0,0,0,True,21,27,180,0,True,0,False
96,Civil3d,Civil3d-34,CHS,Untranslation,DIRECTLY_SUPPORTED,PRESERVED_USER_FACING_ENGLISH,True,93.3,32.0,48.27,14.85,0.021,False,11144,15165,398,28,15,True,0,0,0,0,False,6,25,187,0,True,0,False
97,Civil3d,Civil3d-35,ESP,Untranslation,DIRECTLY_SUPPORTED,PRESERVED_USER_FACING_ENGLISH,True,100.0,222.0,226.0,67.91,0.192,False,924,1784,66,14,130,True,0,0,0,0,False,6,11,125,1,True,0,False
98,Inventor,Inventor-04,KOR,Untranslation,DIRECTLY_SUPPORTED,PRESERVED_USER_FACING_ENGLISH,True,91.7,463.0,330.0,273.0,0.086,True,3657,29918,317,40,267,True,3,545,3,0,True,3,6,78,0,True,0,False
99,Inventor,Inventor-06,PTB,Untranslation,DIRECTLY_SUPPORTED,PRESERVED_USER_FACING_ENGLISH,True,100.0,147.0,147.0,44.63,0.718,True,1785,3216,105,19,197,True,11,0,0,0,True,16,27,209,5,True,0,False
100,Inventor,Inventor-09,DEU,Untranslation,PARTIALLY_SUPPORTED,NO_STRONG_OBSERVABLE_DEFECT,False,98.0,12.0,12.17,6.69,0.709,False,0,0,0,0,46,False,0,0,0,0,False,1,1,8,4,False,0,False
101,Inventor,Inventor-13,RUS,Untranslation,DIRECTLY_SUPPORTED,PRESERVED_USER_FACING_ENGLISH,True,100.0,2.0,3.16,0.68,1.0,False,0,0,0,0,6,False,0,221,3,0,True,37,43,405,4,True,0,False
102,Inventor,Inventor-16,JPN,Untranslation,DIRECTLY_SUPPORTED,PRESERVED_USER_FACING_ENGLISH,True,100.0,78.0,122.15,31.1,0.712,False,1500,2256,75,20,5,True,0,278,1,0,True,4,4,28,0,True,0,False
103,Inventor,Inventor-22,KOR,Untranslation,DIRECTLY_SUPPORTED,PRESERVED_USER_FACING_ENGLISH,True,86.2,626.0,490.37,235.84,0.053,True,4300,26809,190,43,309,True,0,0,0,0,False,11,20,249,0,True,0,False
104,Inventor,Inventor-23,KOR,Untranslation,UNSUPPORTED,BOUNDARY_COLLISION_OVERLAP,False,96.8,18.0,69.59,18.19,0.321,False,736,1329,46,17,67,True,0,0,0,0,False,0,0,0,0,False,0,False
105,Vault,Vault-07,KOR,Untranslation,DIRECTLY_SUPPORTED,PRESERVED_USER_FACING_ENGLISH,True,100.0,1.0,40.51,16.5,0.055,False,512,1039,32,16,46,True,1,0,0,0,True,3,5,34,0,True,0,False
106,Vault,Vault-10,CHS,Untranslation,DIRECTLY_SUPPORTED,PRESERVED_USER_FACING_ENGLISH,True,100.0,0.0,2.0,0.0,1.0,False,0,0,0,0,0,False,1,0,0,0,True,2,5,32,0,True,0,False
107,Vault,Vault-13,CSY,Untranslation,DIRECTLY_SUPPORTED,PRESERVED_USER_FACING_ENGLISH,True,100.0,230.0,115.0,115.0,0.0,True,1800,3360,120,15,188,True,0,0,0,0,False,2,6,53,0,True,0,False
108,Vault,Vault-15,DEU,Untranslation,DIRECTLY_SUPPORTED,PRESERVED_USER_FACING_ENGLISH,False,100.0,1.0,3.16,0.58,1.0,False,0,0,0,0,54,False,0,0,0,0,False,2,2,26,1,True,0,False
109,Vault,Vault-16,HUN,Untranslation,DIRECTLY_SUPPORTED,PRESERVED_USER_FACING_ENGLISH,True,98.1,127.0,145.89,44.21,0.175,False,0,0,0,0,137,False,4,0,0,0,True,1,4,26,0,True,0,False
110,Vault,Vault-19,KOR,Untranslation,DIRECTLY_SUPPORTED,PRESERVED_USER_FACING_ENGLISH,True,90.0,103.0,101.18,48.09,0.474,True,680,1666,304,20,103,True,1,0,0,0,True,3,4,29,0,True,0,False
111,Vault,Vault-22,CHS,Untranslation,DIRECTLY_SUPPORTED,PRESERVED_USER_FACING_ENGLISH,False,93.8,50.0,50.99,23.0,0.536,False,0,0,0,0,56,False,0,0,0,0,False,8,10,65,1,True,0,False
112,Vault,Vault-25,CSY,Untranslation,DIRECTLY_SUPPORTED,PRESERVED_USER_FACING_ENGLISH,False,100.0,0.0,0.0,0.0,0.0,False,0,0,0,0,154,False,0,0,0,0,False,2,4,22,0,True,0,False
113,Vault,Vault-30,JPN,Untranslation,DIRECTLY_SUPPORTED,PRESERVED_USER_FACING_ENGLISH,True,85.7,0.0,0.0,0.0,-0.002,False,0,0,0,0,0,False,1,0,0,0,True,1,2,13,0,True,0,False
114,Vault,Vault-38,FRA,Untranslation,DIRECTLY_SUPPORTED,PRESERVED_USER_FACING_ENGLISH,True,100.0,104.0,104.0,31.2,0.249,False,0,0,0,0,184,False,2,0,0,0,True,8,18,197,0,True,0,False
